full_name,phone,signup_date ,email_address
ALl@@O@ **lL,741443493,21/11/2023,jillrhodes@example.net
@*VIE@ JOH@soN,2821553193,11/17/2023,williamjohnson@example.org
meRe*I@h *arnes,726-034-2610,14/05/2024,lisa02@example.net
meRe*I@h *arnes,726-034-2610,14/05/2024,lisa02@example.net
dO@AL* *E**S,4728039164,14/01/2025,curtis61@example.com
@indse* *@*a@,163-338-4947,18/12/2024,yherrera@example.org
*anDrA M*@TGO*E**,690.364.7194,31/03/2025,barbara10@example.net
Dy@a* *@LL**,204.643.7108,28-Nov-23,jamesshawn@example.com
*e@@y s@nTiA@*,+1 606 511 3005,11/27/2024,lynchgeorge@example.net
@*@l NEL*O*,797.756.1386,5/19/2025,gabriellecameron@example.org
*Nd*e* sT@@art,(786)234-9779,12/25/2023,clarksherri@example.net
m@t@hEw fO*t@@,+1 792 355 2441,11-May-25,ithomas@example.org
@@m@e@*y bu*GEss,9903447059,4/28/2024,icox@example.net
Pe**r c*l@AH@n J@.,(992)889-6844,10/3/2023,ycarlson@example.com
*ulIE @@*G,037.095.8581,8/3/2024,frazierdanny@example.net
pA@@@@*A PEteRS@n,+1 882 156 9869,1/14/2024,amoore@example.net
D**or** m****,689.214.6440,10/17/2023,harrellkenneth@example.net
c@r@ST@@A b*@OKS,950-737-8048,4/10/2023,georgetracy@example.org
S*E*@Y D*Ck**,406-060-1731,25/01/2024,brianhumphrey@example.org
j*HN j@Nes,376.105.5022,11-Jan-25,davidalvarez@example.net
@O*EPH *bRiE*,3896406232,11/12/2023,jenniferross@example.net
@E*@I*A ho@*ES,914.578.3919,9/2/2023,jeffreymorgan@example.net
le*h *@ITh,189-880-0631,1-Dec-24,perezrebecca@example.com
DavID cal@*@*l,+1 928 484 9012,11/14/2023,jenniferkhan@example.net
R*@HA@d *G@I*Re,(398)747-6606,10/26/2023,davisryan@example.com
SCotT b**WN,(825)596-5183,10/20/2024,brownjessica@example.org
Co@noR WEst,+1 061 944 0180,4/23/2024,joshuawright@example.org
ScoTT p@E**e,1452266442,10-Jul-23,novaksara@example.org
jo@n LEW@S,790.248.3525,7/4/2024,martinaaron@example.com
@i@@A*d *i**on,12244430,4/24/2024,smoore@example.org
*aurEn *aNIel*,+1 358 096 7588,1/1/2025,brian97@example.net
K*m @@@Wn,(472)426-6278,29/06/2024,yorkcasey@example.org
C@@*HIa wiLsON,8273250874,22/04/2025,bethwilliams@example.org
kev@n miLLs,8117347800,27/05/2025,james53@example.com
m*c**@* **aN@,+1 843 825 4080,1/2/2024,smithchristine@example.net
*Nge* *@@is M*,554-569-3738,5/25/2025,nicole35@example.com
rOY W*rNe@,060.441.1368,9/18/2024,contrerasangela@example.net
rOY W*rNe@,060.441.1368,9/18/2024,contrerasangela@example.net
SHA*N *@K@@,(458)529-7886,22-Apr-25,newtoneric@example.com
@*che@Le h@*RIs,+1 086 267 4280,5-Oct-24,william40@example.org
sANdR@ W*L@@AMs,(716)343-6164,2/15/2024,danagreen@example.net
m@Chae* h*@@M*@,+1 296 011 3085,8/26/2023,landryhannah@example.org
sa@*r@ Ag@i*@R,809-911-2346,9/24/2023,tanderson@example.com
re*Ec*@ valen@@*,204-917-6196,4/29/2025,jason31@example.com
*TA*Ey @@S@*Ll,6018992178,9/25/2024,sarayoung@example.org
Rit@ KEIT@,247.304.2606,6/20/2023,jillcook@example.com
sH@Ro* @**hrA@,(732)433-8045,25-Dec-23,kristinrodriguez@example.org
***R*n*y vEl*s@U*Z,+1 662 873 4681,5/23/2024,kevin33@example.org
@@N@@@eR ramI@e*,137-759-1910,7/24/2023,michael86@example.net
M@. *e**s* WI*@ON,9914834816,12/20/2023,beverlyterrell@example.org
*EF*@** **anD*@R,2592520195,1/30/2024,gobrien@example.org
@*@N*t* S@Ott,784219380,2-Dec-24,zsmith@example.net
tER*@* M*LAUgh*iN,+1 275 381 3479,1/11/2023,ryan59@example.com
tER*@* M*LAUgh*iN,+1 275 381 3479,1/11/2023,ryan59@example.com
@eli@@A MCcu*L*ugh,(309)608-0455,28/06/2024,elizabeth56@example.net
c@@*RO@ F@*@*R,+1 914 303 6094,31/05/2025,lbyrd@example.net
J*N@**e@ Bass,+1 739 759 1299,23-Jan-24,jason99@example.net
@EremY l@*e,9019334216,7/2/2024,yleon@example.net
BRAd@eY R**@RtS*@,390.444.0074,4-Oct-24,clarence34@example.org
br@T@@nY W***@Am@,4777835469,4-Jun-24,gibsonolivia@example.net
**cHAe@ Sny*ER,652-247-1181,12/7/2023,dianasmith@example.org
c**l@EN @@*Ck,+1 599 572 9796,11/22/2024,pwilliams@example.org
rO*E*@ c**TRErA*,(876)548-9610,8/8/2024,stephanie79@example.net
J@sS@CA M@**Ows,665.966.8668,5/12/2024,juliawells@example.com
@a@A R@MiRE*,826.351.9359,1/25/2025,rsims@example.com
dU@@iN n*@s*n,+1 221 824 1032,4-Feb-24,taylorjesse@example.net
*A*@*@ *er*Y,930-941-4356,13/02/2024,nperry@example.com
*A*@*@ *er*Y,930-941-4356,13/02/2024,nperry@example.com
r**d@ shAh,3435866809,16-Jun-23,wwoods@example.com
*ARA@ @@@@e@,320-377-9888,4/21/2024,tracynelson@example.com
Ge@*** **e@T*N,301-467-7257,4/10/2024,marycalhoun@example.net
suS@n VaR*aS,(987)157-7235,27-Oct-24,millerroy@example.com
dA@i@ @@r@@*,+1 317 212 0589,5/19/2024,matthew64@example.com
**aDLEY S@@Th,+1 038 296 5078,7/23/2024,cookemichael@example.net
**aDLEY S@@Th,+1 038 296 5078,7/23/2024,cookemichael@example.net
t@LE@ WI@*i*Ms,+1 041 559 0184,25-Jun-23,jamessmith@example.org
t@LE@ WI@*i*Ms,+1 041 559 0184,25-Jun-23,jamessmith@example.org
*oHN wI*SO@,682-552-4478,17/11/2023,xlyons@example.com
l**@@*CE AD@iNS,983-467-1236,8/28/2023,tamirodriguez@example.org
laur* o@on@el*,(636)600-2954,3/18/2024,mdavid@example.org
*@@d*@ s@n@hez,314.239.0158,11/23/2024,melissa91@example.net
h@@NA* PAtte**ON,754-329-3077,3/14/2024,huntermatthew@example.com
*@hlEy @u,951.101.7381,10/6/2024,bzimmerman@example.org
*RAc*e NE****,4806390859,2/17/2025,umarshall@example.net
*@m@eL r*Va@,539-462-6265,8/7/2023,nicole37@example.net
*AM** *O*NS@N,332.084.0239,3/22/2025,hunter35@example.com
@@E@c*r hAyn@*,166-102-8649,1/1/2024,blackjames@example.org
@@E@c*r hAyn@*,166-102-8649,1/1/2024,blackjames@example.org
k*TH@r@n* c**@G,5655236211,11/18/2024,fbrewer@example.com
@nNa W*@K@*,(471)768-9788,11/19/2024,kevinperkins@example.com
@@i@e@ @aR*@as,520-491-2162,1-Aug-24,michael74@example.com
br*an @ee,793.084.3293,1-Sep-23,jamesrodgers@example.com
VaNe@s@ @A@rE*,(080)733-2948,1/6/2024,wallkenneth@example.com
AdRiAN **@**soN,+1 127 486 5496,12/31/2023,mccannangela@example.net
AdRiAN **@**soN,+1 127 486 5496,12/31/2023,mccannangela@example.net
m@r*aR** MU@*i*s,652.846.9807,19/08/2023,andrewstaylor@example.com
*@@@*Nt kIN*,(982)022-0447,31/03/2025,ewilson@example.com
k*nNeth pA*Ks jR.,9278633063,20-Feb-25,christopher31@example.net
k*nNeth pA*Ks jR.,9278633063,20-Feb-25,christopher31@example.net
lIS* *@@b@,+1 163 090 8795,11/23/2023,chayes@example.com
w@n@a t**R@@,(166)678-3389,9/25/2024,lynchjody@example.org
De@Or@H m*@l@R,417-630-6730,12/4/2023,andreamoore@example.com
*@Rk *A@Ter,826.531.3385,11/27/2023,jasmine71@example.net
@en@i@ mo@dy,2940230256,1-Sep-24,ronaldstephens@example.net
d*@E@ tH*maS,8868157741,7/17/2023,lauralarson@example.net
Je@*@cA @*R@I@on,478.451.4567,23-Jan-24,gbender@example.net
B*bby w*ll*@*s M*,1717920508,6-Feb-24,anthony39@example.net
Yvo@Ne @h@*bErS,+1 721 289 0605,12/27/2023,hinesgregory@example.net
*Y@ne@ WHI@@,31474209,8/28/2024,fwalters@example.org
